{"cameraMode":{"drawMode":0,"name":"Shaded","section":"Shading Mode"},"sceneLighting":true,"audioPlay":false,"sceneViewState":{"showFog":true,"showMaterialUpdate":false,"showSkybox":true,"showFlares":true,"showImageEffects":true,"showParticleSystems":true,"showVisualEffectGraphs":true,"m_FxEnabled":true},"in2DMode":false,"pivot":{"x":1.4813364744186402,"y":2.089916229248047,"z":-1.0166897773742676},"rotation":{"x":0.20686563849449159,"y":0.03433471918106079,"z":-0.007264162413775921,"w":0.9777420163154602},"size":2.421353816986084,"orthographic":false}